name,baseline_net,net,delta_net,baseline_starts,starts,deductions,physical_failed,supply_violations,known_saving,audit_findings
C-0103,602.6496,602.6328,-0.0168,2,2,0,false,0,0.2128,2
C-0217,646.3986,646.4201,0.0215,2,2,0,false,0,0.9711,1
C-0327,98.4196,98.3577,-0.0619,3,3,0,false,0,0,0
C-0401,124.7757,124.7202,-0.0555,3,4,0,false,0,0.1573,1
C-0523,-11.9210,-11.7375,0.1835,3,3,0,false,0,3.0409,5
C-0616,-61.8489,-61.6448,0.2041,3,3,0,false,0,0.7276,1
C-0627,-20.7818,-21.1396,-0.3578,2,2,0,false,0,0.5366,2
C-0717,28.2120,28.1602,-0.0518,3,3,0,false,0,0.0595,1
C-0810,-28.0546,-29.1677,-1.1131,3,3,0,false,0,0.9729,3
C-0816,-51.4120,-52.7667,-1.3547,2,3,0,false,0,1.4185,2
C-0822,-14.6088,-14.4149,0.1939,2,2,0,false,0,2.7464,4
C-0827,60.2685,56.2730,-3.9955,4,3,0,false,0,0.1275,2
C-0905,8.5872,9.1012,0.5140,3,3,0,false,0,2.7886,3
C-0912,13.2089,13.0288,-0.1801,2,2,0,false,0,3.0937,3
C-0919,74.8612,74.2384,-0.6228,2,2,0,false,0,7.6901,10
C-0920,79.6658,80.5403,0.8745,2,2,0,false,0,4.6085,3
C-0924,186.4058,184.5897,-1.8161,3,4,0,false,0,2.5461,3
C-0927,102.7505,102.7699,0.0194,4,4,0,false,0,1.5949,1
C-0928a,151.3670,151.3468,-0.0202,3,3,0,false,0,1.8578,4
C-0928b,144.5723,143.9665,-0.6058,3,3,0,false,0,4.0554,6
C-1005,67.8915,68.5938,0.7023,2,2,0,false,0,0.8397,1
C-1011,135.1982,135.1462,-0.0520,1,1,0,false,0,0.2573,1
C-1123,619.1376,619.1376,0,1,1,0,false,0,0,0
C-1219,188.5530,188.9214,0.3684,1,2,0,false,0,0,0
